Model,R2,RMSE,MAE
LightGBM,0.6757641852951621,2854.2612748068755,2104.643022598572
Stacking,0.6768615599940273,2849.4270635886573,2100.358930177409
