Model,R2,RMSE,MAE
LightGBM,0.6757641852951621,2854.2612748068755,2104.643022598572
Stacking,0.6768399371906764,2849.5223966762196,2100.472809181561
