{
    "sample_size": 100000,
    "feature_count": 23,
    "basic_model": {
        "r2": 0.6675195446576129,
        "rmse": 2890.322429955255,
        "mae": 2139.198500438767,
        "train_time": 25.99713110923767
    },
    "deep_model": {
        "r2": 0.6688361829014979,
        "rmse": 2884.5938465690842,
        "mae": 2137.320581142012,
        "train_time": 1744421505.1537
    },
    "training_date": "2025-04-12 09:32:50"
}